{"loss": [2.8079607486724854, 2.0800418853759766, 1.4736032485961914, 0.9661560654640198, 0.7264142632484436, 0.5731146335601807, 0.5153685212135315, 0.41923630237579346, 0.37954577803611755, 0.2936333119869232, 0.21895666420459747, 0.2057245671749115, 0.1916983276605606, 0.15370672941207886, 0.26008570194244385, 0.11234329640865326, 0.12923313677310944, 0.12504246830940247, 0.14126569032669067, 0.11628340929746628, 0.09632773697376251, 0.09777197986841202, 0.10428270697593689, 0.09986534714698792, 0.07523757964372635, 0.09811360388994217, 0.06112669035792351, 0.07391581684350967, 0.24296876788139343, 0.09224636852741241, 0.054386962205171585, 0.07255525141954422, 0.04954788461327553, 0.08441885560750961, 0.04389927163720131, 0.060097478330135345, 0.0658813863992691, 0.11697492748498917, 0.0372970774769783, 0.04017304629087448, 0.10454624146223068], "val_loss": [389.111083984375, 198.16180419921875, 19.039419174194336, 24.081544876098633, 3.5002284049987793, 31.380935668945312, 25.34223175048828, 16.296621322631836, 3.2661325931549072, 0.973594605922699, 2.155039072036743, 0.1843750774860382, 0.28289374709129333, 0.22273293137550354, 0.8295005559921265, 0.040617603808641434, 0.07087059319019318, 0.1046820804476738, 0.3891550898551941, 0.308310329914093, 0.018805306404829025, 0.7108026742935181, 0.029938915744423866, 2.0482542514801025, 0.0848703682422638, 4.44519567489624, 0.050472427159547806, 0.2902945876121521, 0.8566936254501343, 0.46788620948791504, 0.003043822944164276, 0.0373971052467823, 0.39894378185272217, 1.1114685535430908, 0.11029651015996933, 0.11155057698488235, 1.4297449588775635, 0.14000597596168518, 0.1798371970653534, 0.020699068903923035, 0.0670226588845253], "accuracy": [0.14166666567325592, 0.3051724135875702, 0.5043103694915771, 0.661494255065918, 0.7548850774765015, 0.8043103218078613, 0.834770143032074, 0.8571839332580566, 0.8761494159698486, 0.9051724076271057, 0.9218390583992004, 0.9272988438606262, 0.9359195232391357, 0.9494252800941467, 0.925000011920929, 0.9583333134651184, 0.9603448510169983, 0.9606322050094604, 0.959770143032074, 0.963505744934082, 0.9698275923728943, 0.9709770083427429, 0.967528760433197, 0.9681034684181213, 0.9758620858192444, 0.96925288438797, 0.9810344576835632, 0.9830459952354431, 0.9393678307533264, 0.9727011322975159, 0.9833333492279053, 0.978735625743866, 0.9867815971374512, 0.9772988557815552, 0.9862068891525269, 0.9816091656684875, 0.9816091656684875, 0.9718390703201294, 0.9896551966667175, 0.9893678426742554, 0.9727011322975159], "val_accuracy": [0.049597855657339096, 0.049597855657339096, 0.05093833804130554, 0.07372654229402542, 0.5241286754608154, 0.040214478969573975, 0.049597855657339096, 0.2949061691761017, 0.4477211833000183, 0.8109919428825378, 0.6756032109260559, 0.9369972944259644, 0.9155495762825012, 0.9463806748390198, 0.7761394381523132, 0.989276111125946, 0.9772117733955383, 0.97050940990448, 0.9182305335998535, 0.9369972944259644, 0.9946380853652954, 0.8418230414390564, 0.9906166195869446, 0.6340482831001282, 0.9731903672218323, 0.45174261927604675, 0.9879356622695923, 0.9410187602043152, 0.8002681136131287, 0.9088472127914429, 0.9986594915390015, 0.9946380853652954, 0.8981233239173889, 0.8123324513435364, 0.9785522818565369, 0.9798927903175354, 0.777479887008667, 0.9678283929824829, 0.9504021406173706, 0.9959785342216492, 0.9919571280479431]}