{"loss": [3.09688401222229, 2.8274576663970947, 2.5585246086120605, 2.269174337387085, 2.149273633956909, 1.9873778820037842, 1.8596962690353394, 1.671661615371704, 1.5291515588760376, 1.3889966011047363, 1.2250388860702515, 1.104098916053772, 0.985439121723175, 0.8277202844619751, 0.7560909390449524, 0.6803056597709656, 0.6735185980796814, 0.5522319674491882, 0.5124742388725281, 0.44674816727638245, 0.4281754195690155, 0.40608352422714233, 0.3501037657260895, 0.34883832931518555, 0.31819507479667664, 0.2650032937526703, 0.2904406189918518, 0.254742294549942, 0.20933760702610016, 0.2063743621110916, 0.2028360515832901, 0.15869352221488953, 0.1982562392950058, 0.17227569222450256, 0.12996485829353333, 0.18128564953804016, 0.12909860908985138, 0.1496959626674652, 0.11227352172136307, 0.07516703009605408, 0.07108858972787857, 0.06011054292321205, 0.05874320864677429, 0.08659476786851883, 0.07235678285360336, 0.05576656013727188, 0.058339186012744904, 0.07145751267671585, 0.055167727172374725, 0.04821428284049034], "val_loss": [81.6231689453125, 11.61034870147705, 7.567441940307617, 8.437500953674316, 17.846147537231445, 1.8661153316497803, 4.504683017730713, 5.944339275360107, 42.04238510131836, 16.33822250366211, 2.2226293087005615, 11.655535697937012, 27.221628189086914, 0.43103814125061035, 7.525522232055664, 170.644287109375, 0.3539421260356903, 2.3807213306427, 0.47052037715911865, 91.4717025756836, 0.8372967839241028, 55.76344299316406, 0.24352581799030304, 4.611157417297363, 0.7294750213623047, 0.5122851133346558, 0.42683717608451843, 0.11126786470413208, 0.12206167727708817, 5.082086086273193, 0.2789881229400635, 0.14122875034809113, 0.14756327867507935, 0.4661872982978821, 17.35905647277832, 78.72862243652344, 22.63846778869629, 0.14874891936779022, 0.08029188960790634, 0.05934939160943031, 0.05388525873422623, 0.04085223004221916, 0.01992298848927021, 28.018877029418945, 1.25197172164917, 0.03133942186832428, 0.011532838456332684, 0.029246564954519272, 0.01491373311728239, 0.015191781334578991], "accuracy": [0.06810344755649567, 0.10459770262241364, 0.14942528307437897, 0.204310342669487, 0.2123563289642334, 0.2681034505367279, 0.2887931168079376, 0.3675287365913391, 0.40977010130882263, 0.47212642431259155, 0.5517241358757019, 0.59425288438797, 0.6370689868927002, 0.696264386177063, 0.7295976877212524, 0.7574712634086609, 0.7600574493408203, 0.8054597973823547, 0.8192528486251831, 0.8456896543502808, 0.8508620858192444, 0.8600574731826782, 0.8738505840301514, 0.8795977234840393, 0.8910919427871704, 0.9117816090583801, 0.9071838855743408, 0.9158046245574951, 0.9295976758003235, 0.9318965673446655, 0.928735613822937, 0.9488505721092224, 0.934482753276825, 0.946264386177063, 0.9591953754425049, 0.9454023241996765, 0.9606322050094604, 0.9554597735404968, 0.9643678069114685, 0.9735631942749023, 0.9750000238418579, 0.9810344576835632, 0.9795976877212524, 0.9750000238418579, 0.9767241477966309, 0.9795976877212524, 0.9833333492279053, 0.9764367938041687, 0.9839080572128296, 0.9873563051223755], "val_accuracy": [0.046916890889406204, 0.046916890889406204, 0.07238605618476868, 0.19436997175216675, 0.037533510476350784, 0.3136729300022125, 0.1461126059293747, 0.1729222536087036, 0.02949061617255211, 0.0817694365978241, 0.37533512711524963, 0.10321715474128723, 0.08847185224294662, 0.8512064218521118, 0.2600536048412323, 0.02949061617255211, 0.8753350973129272, 0.5764074921607971, 0.8364611268043518, 0.02949061617255211, 0.737265408039093, 0.032171580940485, 0.9088472127914429, 0.4115281403064728, 0.8123324513435364, 0.8538873791694641, 0.8833780288696289, 0.9504021406173706, 0.9530830979347229, 0.5563002824783325, 0.9061661958694458, 0.9517426490783691, 0.9544236063957214, 0.8981233239173889, 0.38203752040863037, 0.032171580940485, 0.15951742231845856, 0.9477211833000183, 0.974530816078186, 0.9865951538085938, 0.98525470495224, 0.989276111125946, 0.9959785342216492, 0.12064342945814133, 0.802949070930481, 0.9865951538085938, 0.9986594915390015, 0.9932975769042969, 0.9959785342216492, 0.9973190426826477]}